,Renewable Energy Type,0:00,0:05,0:10,0:15,0:20,0:25,0:30,0:35,0:40,0:45,0:50,0:55,1:00,1:05,1:10,1:15,1:20,1:25,1:30,1:35,1:40,1:45,1:50,1:55,2:00,2:05,2:10,2:15,2:20,2:25,2:30,2:35,2:40,2:45,2:50,2:55,3:00,3:05,3:10,3:15,3:20,3:25,3:30,3:35,3:40,3:45,3:50,3:55,4:00,4:05,4:10,4:15,4:20,4:25,4:30,4:35,4:40,4:45,4:50,4:55,5:00,5:05,5:10,5:15,5:20,5:25,5:30,5:35,5:40,5:45,5:50,5:55,6:00,6:05,6:10,6:15,6:20,6:25,6:30,6:35,6:40,6:45,6:50,6:55,7:00,7:05,7:10,7:15,7:20,7:25,7:30,7:35,7:40,7:45,7:50,7:55,8:00,8:05,8:10,8:15,8:20,8:25,8:30,8:35,8:40,8:45,8:50,8:55,9:00,9:05,9:10,9:15,9:20,9:25,9:30,9:35,9:40,9:45,9:50,9:55,10:00,10:05,10:10,10:15,10:20,10:25,10:30,10:35,10:40,10:45,10:50,10:55,11:00,11:05,11:10,11:15,11:20,11:25,11:30,11:35,11:40,11:45,11:50,11:55,12:00,12:05,12:10,12:15,12:20,12:25,12:30,12:35,12:40,12:45,12:50,12:55,13:00,13:05,13:10,13:15,13:20,13:25,13:30,13:35,13:40,13:45,13:50,13:55,14:00,14:05,14:10,14:15,14:20,14:25,14:30,14:35,14:40,14:45,14:50,14:55,15:00,15:05,15:10,15:15,15:20,15:25,15:30,15:35,15:40,15:45,15:50,15:55,16:00,16:05,16:10,16:15,16:20,16:25,16:30,16:35,16:45,16:50,16:55,17:00,17:05,17:10,17:15,17:20,17:25,17:30,17:35,17:40,17:45,17:50,17:55,18:00,18:05,18:10,18:15,18:20,18:25,18:30,18:35,18:40,18:45,18:50,18:55,19:00,19:05,19:10,19:15,19:20,19:25,19:30,19:35,19:40,19:45,19:50,19:55,20:00,20:05,20:10,20:15,20:20,20:25,20:30,20:35,20:40,20:45,20:50,20:55,21:00,21:05,21:10,21:15,21:20,21:25,21:30,21:35,21:40,21:45,21:50,21:55,22:00,22:05,22:10,22:15,22:20,22:25,22:30,22:35,22:40,22:45,22:50,22:55,23:00,23:05,23:10,23:15,23:20,23:25,23:30,23:35,23:40,23:45,23:50,Day of Month
0,Solar,-28,-29,-31,-34,-35,-36,-38,-38,-38,-38,-39,-38,-38,-40,-41,-41,-41,-41,-41,-41,-41,-42,-42,-43,-43.0,-43.0,-43.0,-43.0,-43.0,-43.0,-43.0,-43.0,-43.0,-43.0,-43.0,-43.0,-44,-43,-43,-44,-44,-45,-44,-45,-44,-44,-44,-44,-44,-44,-44,-44,-44,-44,-44,-44,-44,-44,-44,-44,-44,-44,-44,-44,-44,-45,-45,-45,-45,-45,-45,-46,-45,-40,-32,-17,15,99,193,326,566,876,1223,1681,2190,2794,3407,4008,4598,5206,5821,6456,7042,7554,7744,8284,8842,9550,9976,10295,10602,10830,11033,11231,11312,11229,11345,11503,11689,11742,11823,11829,11816,11815,11853,11944,11964,12022,12058,12101,12071,11933,11885,11929,11917,11805,11655,11591,11623,11582,11659,11668,11680,11827,11749,11443,11426,11595,11552,11373,11360,11556,11745,11779,11741,11805,11795,11617,11602,11671,11589,11650,11761,11886,11944,11833,11684,11639,11601,11577,11607,11716,11688,11692,11679,11687,11549,11476,11547,11569,11353,11267,11258,11136,11102,11182,11085,11015,10735,10587,10465,10128,10244,10397,10460,10465,10573,10495,10140,9747,9368,9208,8968,9103,8335,7688,7573,7292,6659,5786,4913,4219,3628,3135,2678,2232,1727,1236,856,598,445,305,198,58,25,13,25,-4,-9,-9,-8,-6,-6,-6,-6,-6,-6,-6,-7,-8,-8,-7,-8,-8,-6,-6,-5,-4,-4,-3,-3,-5,-4,-5,-4,-4,-3,-3,-3,-3,-3,-5,-3,-3,-3,-4,-3,-4,-3,-4,-4,-4,-4,-4,-4,-4,-3,-8,-27,-34,-35,-37,-37,-38,-38,-38,-38,-38,-38,-38,-38,-38,-38,-38,-38,-38.0,"March 1st, 2022"
0,Solar,-38,-37,-37,-38,-33,-37,-37,-37,-37,-38,-38,-38,-38,-38,-38,-39,-39,-38,-38,-38,-38,-39,-39,-39,-39.0,-39.0,-39.0,-39.0,-39.0,-39.0,-39.0,-39.0,-39.0,-39.0,-39.0,-39.0,-40,-40,-40,-40,-40,-39,-40,-40,-39,-40,-40,-40,-40,-40,-40,-40,-39,-40,-39,-40,-40,-40,-40,-41,-41,-41,-41,-41,-41,-42,-41,-41,-41,-41,-41,-41,-41,-39,-31,-16,31,98,188,369,584,834,1159,1552,1991,2489,2968,3469,4095,4708,5143,5546,6000,6320,6502,6779,7168,7988,8570,8996,9445,9848,10049,10132,10479,10549,10607,10819,10701,11061,11264,11275,11348,11339,11431,11362,11244,11354,11371,11463,11660,11811,11788,11780,11816,11807,11897,11968,11888,11785,11817,11710,11608,11543,11512,11524,11620,11724,11684,11565,11602,11622,11614,11510,11562,11575,11628,11526,11531,11540,11526,11644,11709,11726,11674,11382,11301,11315,11170,11117,11071,11160,11348,11301,11414,11392,11331,11436,11606,11419,11129,10961,10812,10678,10774,10877,10919,10693,10494,10342,10359,10250,10074,9983,10166,9920,9867,9602,9222,8950,8551,8019,7738,7486,7189,6753,6498,5969,5544,5065,3845,3260,2850,2446,1953,1658,1360,1016,718,497,357,197,105,47,24,16,40,37,40,40,40,40,80,89,90,90,90,90,90,89,90,89,89,89,89,90,90,91,91,91,90,89,89,87,72,49,25,16,14,13,11,9,10,10,10,9,9,9,9,8,7,7,7,7,7,7,6,6,7,7,7,7,5,6,6,6,5,3,1,-2,-3,-4,-4,-3,-4,-3.0,"March 2nd, 2022"
0,Solar,-3,-3,-4,-4,-4,-4,-4,-4,-4,-4,-4,-4,-4,-4,-4,-4,-4,-4,-3,-4,-3,-3,-3,-3,-3.0,-3.0,-3.0,-3.0,-3.0,-3.0,-3.0,-3.0,-3.0,-3.0,-3.0,-3.0,-3,-4,-4,-4,-4,-4,-4,-4,-4,-4,-4,-4,-4,-4,-4,-4,-4,-4,-4,-4,-4,-4,-4,-4,-4,-4,-4,-4,-5,-5,-4,-4,-4,-4,-4,-4,-5,-5,2,10,35,107,254,432,636,834,1074,1451,1890,2369,2894,3434,3809,3957,4091,4646,5359,5530,5519,5915,6638,7409,7934,8371,8654,8837,9032,9044,9228,9500,9365,8871,8776,9003,9406,9403,9143,9043,8908,8866,8651,9198,10203,10345,10152,9825,9658,9850,9976,9888,9821,9732,9671,9793,9420,9340,9143,9049,8931,8980,9278,9273,8902,8790,8967,9033,8731,8907,9235,9368,9332,9665,9673,9545,9456,9486,9591,9663,9728,10044,10428,9743,8982,8729,8781,8626,8593,8644,8393,8091,8007,8076,8293,8541,8825,8594,8553,8879,8499,8539,8644,8856,8875,8307,8559,8831,8387,8064,7640,7760,7830,7675,7571,7551,7159,6671,6439,6010,6001,5774,5399,4958,4507,4051,2989,2486,2093,1713,1282,1010,786,587,449,331,228,170,130,104,74,47,101,125,127,128,128,130,173,176,176,176,176,171,134,127,128,127,128,129,129,129,130,130,128,122,87,83,83,82,82,82,82,82,82,81,82,82,82,83,83,83,82,82,82,82,82,82,82,81,78,72,66,62,53,44,40,39,39,39,39,39,39,39,39,40,40,40,40,39,39,38.0,"March 3rd, 2022"
0,Solar,44,44,44,44,44,44,44,44,44,44,44,44,44,44,44,44,44,44,44,44,43,41,41,40,39.0,39.0,39.0,39.0,39.0,39.0,40.0,40.0,40.0,40.0,40.0,40.0,40,39,38,38,38,38,37,37,36,39,38,38,38,38,38,38,38,38,38,37,35,35,34,35,35,36,38,38,37,37,37,37,37,35,36,37,38,43,56,73,109,156,235,318,345,484,648,825,1027,1207,1399,1626,1808,2068,2286,2486,2752,2671,2542,2646,2710,3000,3247,3494,3598,3969,4239,4154,3981,4274,4713,4582,4189,4170,4339,4390,4150,4036,4086,4169,4314,4579,4842,5037,4835,4855,4785,4617,4536,4413,4577,4774,4789,4908,5199,5430,5417,5428,6001,6590,6656,6581,6559,6047,5969,5915,6171,6323,6465,6772,6832,6885,7013,6964,6818,6936,6820,6756,6860,6830,6780,6522,6494,6267,6350,6422,6441,6161,6088,6611,7107,7102,6706,6453,6707,7096,7159,6704,6405,6755,6700,6804,6824,6934,6563,6536,6622,7037,6964,7312,7674,7610,7865,7683,7332,6603,6078,5735,5381,5299,5089,5062,4897,4541,3833,3474,2892,2359,1985,1693,1357,1095,876,645,474,360,258,145,36,5,25,42,46,46,47,47,90,97,97,97,98,97,97,95,96,96,95,94,94,94,95,96,97,94,84,82,83,81,52,39,36,36,35,36,36,24,-16,-39,-39,-39,-40,-40,-39,-39,-39,-39,-39,-39,-39,-39,-39,-39,-39,-39,-39,-38,-39,-43,-43,-43,-43,-43,-43,-43,-43,-41,-41,-41,-41,-41.0,"March 4th, 2022"
0,Solar,-41,-41,-41,-41,-41,-41,-41,-41,-41,-42,-42,-42,-42,-41,-41,-41,-41,-42,-41,-41,-42,-42,-42,-42,-42.0,-42.0,-42.0,-42.0,-42.0,-42.0,-42.0,-42.0,-42.0,-43.0,-44.0,-44.0,-44,-45,-45,-45,-45,-45,-45,-45,-45,-46,-46,-45,-46,-45,-45,-45,-45,-45,-45,-32,-39,-42,-44,-45,-46,-46,-45,-46,-46,-46,-44,-43,-43,-43,-43,-42,-41,-34,-24,8,62,150,269,471,674,948,1272,1616,2053,2578,3154,3751,4340,4866,5417,6014,6486,6258,6129,6258,6876,7520,7997,8798,9438,9630,9716,10052,9818,8239,7692,7616,7930,8485,8755,8706,8383,8281,7796,7617,7499,7425,7411,7347,7204,7072,7310,7562,7696,7747,7597,8292,8363,8742,7434,6803,6733,7188,7523,7645,7287,7341,7267,7388,7254,7282,7062,6984,7233,7232,7286,7197,6953,7031,6838,6941,6867,6771,6681,6669,6562,6721,6922,6826,6422,6382,6680,6704,6634,6581,6814,7134,6991,6957,6764,6891,6938,7087,7137,7203,7210,7386,7391,7185,7168,6974,6803,7085,7178,7172,7565,7609,7667,7297,6901,6841,6885,6605,6255,5979,5688,5389,4920,4475,3561,3106,2746,2291,1925,1587,1280,983,724,489,312,201,131,72,16,-37,-47,-49,-46,-46,-45,-44,-3,5,5,5,5,18,64,93,93,93,94,96,96,96,96,96,97,97,97,97,97,121,129,129,129,129,129,129,129,128,117,114,114,113,114,113,91,72,71,67,71,61,20,-6,-7,-8,-7,-8,-8,-7,-7,-8,-10,-20,-32,-39,-43,-44,-44,-44,-44,-44,-44,-45.0,"March 5th, 2022"
0,Solar,-44,-44,-44,-44,-44,-44,-44,-44,-45,-45,-44,-44,-46,-46,-46,-45,-45,-46,-45,-45,-45,-45,-45,-45,-45.0,-45.0,-46.0,-45.0,-45.0,-46.0,-46.0,-46.0,-46.0,-46.0,-46.0,-47.0,-46,-48,-47,-46,-46,-46,-46,-46,-46,-46,-46,-44,-43,-43,-45,-46,-46,-47,-47,-47,-47,-46,-46,-46,-45,-33,-32,-32,-33,-33,-33,-33,-33,-33,-33,-34,-31,-24,-3,47,143,272,433,696,1009,1398,1906,2418,2963,3537,4156,4759,5363,5828,6235,6564,6524,6550,6674,6914,7339,8295,8899,9213,9564,9559,9451,9328,9469,9629,9587,9466,9634,9867,9912,9759,9652,9551,9553,9358,9370,9358,9323,9421,9537,9639,9699,9672,9626,9630,9574,9466,9233,9180,9130,9105,9199,9338,9335,9278,9116,9041,9033,8979,8943,9020,9034,8979,9063,9308,9327,9239,9104,9037,8893,8678,8733,8802,8755,8787,8935,8889,8902,8760,8585,8615,8659,8458,8299,8326,8281,8361,8396,8579,8489,8535,8429,8238,8026,8211,8202,8243,8157,7824,7585,7316,7528,7570,7726,7970,8180,8192,8093,8318,8253,7947,7688,7414,7194,6921,6567,6323,6500,6903,6007,5360,4749,4096,3535,2791,2227,1735,1297,937,654,468,323,211,113,80,39,9,-15,-29,-28,-27,47,55,55,55,55,55,42,39,39,39,39,39,39,41,42,42,44,44,44,44,44,44,44,43,40,40,40,40,39,34,15,-5,-10,-10,-10,-10,-10,-11,-11,-10,-10,-9,-8,-7,-6,-6,-6,-6,-6,-7,-6,-6,-6,-6,-8,-17,-27,-36,-38,-40,-40,-40,-40,-40.0,"March 6th, 2022"
0,Solar,-40,-40,-40,-41,-41,-41,-41,-41,-41,-41,-41,-41,-40,-40,-41,-41,-41,-41,-41,-40,-40,-40,-40,-40,-40.0,-40.0,-40.0,-40.0,-40.0,-40.0,-41.0,-41.0,-41.0,-41.0,-41.0,-41.0,-41,-42,-42,-42,-42,-42,-42,-42,-42,-42,-43,-43,-43,-44,-43,-43,-43,-43,-43,-43,-43,-42,-42,-42,-42,-42,-42,-43,-43,-43,-43,-43,-43,-43,-43,-42,-21,19,62,122,220,364,548,845,1186,1611,2090,2647,3197,3734,4341,4977,5614,6238,6836,7439,8008,8546,8865,8638,9097,10123,10741,11026,11353,11656,11948,12071,12199,12300,12359,12490,12613,12621,12528,12485,12389,12454,12493,12602,12691,12642,12493,12424,12262,12023,12087,12035,11833,11567,11234,11036,10937,10844,10662,10647,10626,10733,10826,10919,10969,10723,10518,10694,10543,10476,10586,10630,10846,11004,10837,10741,10649,10332,10409,10587,10761,10762,10563,10556,10561,10587,10549,10574,10567,10544,10514,10400,10373,10337,10111,9981,10141,10383,10370,10237,10236,10155,10101,10093,9790,9813,9667,9684,9676,9734,9523,9597,9323,9236,9218,9313,9535,9518,9203,8880,8536,7842,7311,7050,7059,7496,7957,7667,6560,5931,5180,4437,3702,3011,2463,1930,1473,1114,817,596,434,310,222,181,119,116,119,121,122,66,40,45,45,46,46,42,14,11,11,11,10,10,10,8,6,7,7,8,8,7,7,7,7,7,7,7,7,6,5,4,8,6,6,3,-2,-6,-7,-11,-15,-18,-22,-32,-35,-37,-36,-37,-37,-37,-39,-39,-39,-39,-40,-40,-40,-41,-40,-40,-40,-40,-40,-40,-40,-40.0,"March 7th, 2022"
0,Solar,-40,-41,-43,-44,-43,-41,-41,-41,-40,-40,-40,-40,-40,-40,-40,-40,-39,-40,-40,-39,-39,-40,-42,-42,-42.0,-42.0,-42.0,-41.0,-39.0,-39.0,-39.0,-39.0,-42.0,-41.0,-39.0,-40.0,-39,-41,-40,-40,-40,-40,-40,-40,-40,-40,-40,-40,-40,-40,-40,-40,-40,-40,-40,-41,-43,-43,-43,-43,-43,-43,-43,-44,-44,-43,-43,-43,-44,-44,-43,-42,-25,21,59,135,257,417,638,947,1313,1774,2294,2856,3469,4049,4688,5320,5951,6557,7157,7761,8351,8880,9310,9664,10086,10766,11158,11407,11634,11838,12171,12380,12385,11883,11289,11074,11222,11849,12477,12684,12456,12605,12548,12823,13086,13060,12664,12860,13139,13080,13004,13019,12945,12947,12935,12824,12763,12745,12736,12793,12799,12635,12600,12602,12553,12517,12451,12311,12299,12262,12172,12232,12290,12393,12525,12608,12530,12564,12489,12416,12394,12271,12254,12284,12281,12395,12452,12355,12176,12126,12026,11895,11974,12041,12187,12091,11807,11600,11620,11679,11774,11610,11799,11522,11521,11565,11451,11279,11101,11224,11164,10685,10334,10177,9832,9736,9486,9448,9642,9435,9174,8854,8552,8287,8625,8722,8389,7829,6569,5929,5252,4569,3890,3230,2617,2041,1607,1113,707,483,320,191,80,55,41,19,-12,-13,-13,-10,29,39,39,40,40,38,16,10,10,9,10,10,10,10,10,10,11,12,12,12,12,12,12,12,12,12,10,8,7,7,6,6,6,12,7,7,6,7,7,7,7,7,7,6,6,6,6,6,6,6,6,6,6,4,1,-7,-19,-30,-38,-42,-41,-39,-39,-39.0,"March 8th, 2022"
0,Solar,-39,-39,-39,-39,-39,-39,-39,-39,-39,-39,-39,-39,-39,-39,-39,-39,-40,-42,-43,-43,-43,-43,-39,-39,-39.0,-39.0,-39.0,-39.0,-39.0,-39.0,-39.0,-39.0,-39.0,-39.0,-39.0,-39.0,-40,-41,-40,-40,-40,-40,-40,-40,-41,-41,-40,-40,-40,-40,-41,-41,-40,-40,-41,-40,-41,-41,-41,-41,-40,-38,-38,-39,-39,-39,-39,-39,-39,-39,-39,-35,-24,-10,24,88,220,385,611,934,1329,1788,2267,2848,3459,4092,4747,5353,5942,6514,7131,7642,8104,8498,8384,8623,9116,9875,10495,10763,10852,11032,11155,11453,11660,11473,11184,11271,11320,11379,11467,11666,11777,11650,11348,11667,11729,11565,11156,11050,11016,10974,10720,10635,10614,10586,10521,10250,10051,9945,9851,9793,9848,10209,10192,10036,10075,10214,10239,10487,10396,10090,9622,9620,9728,9926,10058,10041,10138,10094,9820,9637,9520,9425,9322,9334,9379,9722,10075,10185,10086,10031,10127,10275,10386,10451,10451,10513,10539,10531,10528,10504,10459,10601,10557,10522,10633,10624,10751,10765,10780,10633,10511,10595,10850,10933,10990,10974,10842,10836,10688,10298,9667,9046,8543,8333,8672,8607,8256,7675,6436,5774,5133,4500,3840,3196,2616,2076,1591,1211,864,474,312,199,134,91,79,53,30,30,32,32,76,84,84,84,81,75,60,47,44,42,43,42,42,42,42,42,43,43,25,18,20,41,21,18,19,17,18,18,18,16,28,46,51,53,53,53,53,51,48,45,45,42,15,9,9,9,9,9,9,9,9,7,3,1,-6,-17,-29,-38,-39,-40,-39,-39,-40,-40.0,"March 9th, 2022"
0,Solar,-39,-39,-40,-40,-41,-41,-40,-40,-40,-40,-40,-40,-40,-40,-40,-40,-40,-40,-40,-40,-40,-40,-40,-40,-40.0,-40.0,-40.0,-41.0,-41.0,-41.0,-41.0,-41.0,-41.0,-41.0,-40.0,-40.0,-41,-41,-41,-41,-41,-41,-41,-41,-41,-41,-41,-41,-41,-41,-41,-41,-41,-41,-42,-41,-41,-41,-41,-41,-41,-41,-42,-42,-42,-43,-42,-43,-43,-43,-43,-40,-32,-9,41,131,242,417,630,919,1277,1711,2179,2702,3260,3806,4428,5013,5593,6165,6764,7374,7985,8464,8889,9306,9771,10079,10331,10635,10862,10996,11077,11347,11488,11550,11573,11648,11663,11686,11775,11965,12004,11940,11975,12012,12004,11741,11720,11810,11842,11839,11869,11770,11748,11940,12045,12094,12147,12229,12181,11813,11639,11765,12025,12138,11929,11996,12017,12019,12124,12001,11868,11958,11731,11375,11354,11520,11448,11569,11432,11393,11339,11427,11294,11374,11347,11416,11501,11500,11610,11711,11608,11523,11696,11836,11681,11411,11457,11291,11072,11046,11061,11332,11334,11269,11234,11036,11073,11000,10812,10623,10732,10768,10690,10681,10696,10627,10691,10709,10602,10440,10089,9496,9053,8702,8258,7900,7455,6970,5966,5434,4843,4259,3493,2745,2278,1862,1503,1179,836,597,359,232,156,102,98,95,97,97,97,98,137,148,148,148,145,137,127,118,115,113,113,113,113,113,113,113,113,110,61,51,51,52,52,51,51,50,50,50,49,41,24,6,1,-1,-3,-4,-4,-4,-4,-2,-4,-4,-5,-5,-6,-8,-8,-8,-8,-8,-8,-8,-8,-9,-11,-11,-11,-12,-12,-12,-12,-12,-12,-11.0,"March 10th, 2022"
0,Solar,-12,-12,-12,-12,-12,-12,-12,-12,-12,-12,-12,-12,-12,-12,-12,-12,-12,-11,-12,-12,-12,-12,-12,-12,-11.0,-12.0,-12.0,-12.0,-12.0,-12.0,-12.0,-12.0,-12.0,-12.0,-11.0,-11.0,-12,-13,-13,-12,-12,-12,-12,-12,-12,-13,-12,-12,-12,-12,-12,-13,-13,-13,-13,-13,-13,-13,-13,-14,-13,-9,-9,-9,-9,-9,-9,-10,-10,-9,-7,-4,11,60,135,230,381,595,904,1284,1765,2288,2872,3495,4109,4801,5493,6138,6801,7450,8062,8679,9196,9503,9710,9801,10082,10940,11543,11828,12036,12151,12067,11929,11852,11764,11699,11723,11996,12482,12699,12717,12642,12644,12644,12764,12829,12897,12903,13017,13046,13164,13222,13228,13115,13119,13148,13013,12948,13045,13106,13134,12986,12946,12983,12932,12749,12598,12434,12381,12377,12467,12469,12444,12472,12574,12479,12472,12432,12363,12366,12415,12495,12528,12553,12555,12662,12714,12517,12548,12559,12564,12566,12563,12637,12661,12441,12241,12211,12395,12489,12605,12664,12713,12732,12925,13009,12964,12718,12555,12661,12709,12528,12430,12258,12391,12391,12401,12310,12066,11926,11698,11429,11117,10531,10104,9452,9326,8852,8309,7048,6368,5715,5007,4310,3646,3024,2419,1906,1482,1101,834,605,480,347,278,255,245,238,213,197,197,234,250,144,86,86,83,58,50,49,49,49,49,49,49,49,50,50,54,39,35,35,35,35,36,35,35,35,35,33,30,16,6,6,6,6,6,5,5,5,5,5,4,5,5,4,4,4,5,5,5,5,5,5,5,5,4,-1,-10,-20,-31,-38,-40,-40,-42.0,"March 11th, 2022"
0,Solar,-42,-42,-42,-42,-43,-43,-43,-43,-44,-44,-43,-43,-43,-43,-43,-43,-43,-43,-44,-44,-43,-43,-43,-43,-43.0,-43.0,-43.0,-44.0,-44.0,-44.0,-47.0,-44.0,-44.0,-44.0,-44.0,-44.0,-45,-46,-46,-45,-45,-45,-46,-45,-45,-45,-45,-45,-45,-46,-45,-45,-45,-45,-45,-45,-45,-46,-45,-45,-46,-45,-46,-47,-47,-46,-46,-47,-47,-47,-44,-38,-25,17,108,232,385,640,953,1342,1823,2359,2932,3542,4184,4857,5560,6210,6863,7487,8101,8655,8989,8738,8334,8225,8628,9230,9608,9743,9915,10025,10024,9946,10039,9956,9782,9751,9915,10125,10282,10354,10350,10384,10353,10238,10267,10294,10194,10188,10181,10005,9933,9937,9934,9942,9938,9848,9836,9830,9827,9829,9838,9851,9842,9834,9801,9712,9714,9706,9670,9513,9289,9227,9309,9975,10172,10177,9476,9185,9150,9144,9043,9030,9069,9121,9003,8977,8924,8909,8910,8905,8924,9150,9248,9265,9318,9344,9334,9341,9331,9262,9299,9278,9352,9330,9325,9362,9535,9608,9541,9359,9315,9265,9343,9447,9394,9432,9523,9581,9689,9486,8775,7990,7568,7265,6875,6699,6531,6695,6422,5956,5367,4746,4085,3380,2791,2165,1645,1309,986,743,580,435,316,200,200,200,200,200,200,200,200,200,200,200,200,200,182,177,176,173,147,139,167,159,158,152,152,152,107,106,109,108,108,107,107,106,107,107,106,104,90,87,87,87,87,87,87,87,87,87,87,87,85,86,86,87,86,86,86,86,87,87,87,87,85,87,86,81,71,61,49,44,40,39.0,"March 12th, 2022"
0,Solar,39,39,39,39,39,37,39,39,38,38,38,38,38,34,38,38,39,39,38,38,38,38,38,38,,,,,,,,,,,,,38,38,38,38,38,37,37,37,37,37,37,37,37,37,36,37,37,37,37,37,36,37,37,37,57,107,125,125,126,126,126,126,126,125,114,44,31,-10,-21,-19,-18,-18,-18,-19,-19,-18,-14,-5,12,36,109,220,349,553,760,1049,1434,1823,2302,2838,3410,3826,4224,4486,4785,5121,5417,5725,6024,6320,6686,7233,7770,8148,8195,8450,9017,9443,9545,9671,9710,9357,8720,8539,8534,8567,8561,8653,8830,8674,8666,8427,8524,8216,8261,8387,8342,8140,7707,7318,7540,7489,7387,6966,6595,6419,6299,6354,6131,6151,5972,5880,5793,5847,5932,5847,5917,5646,5494,5535,5731,5867,5781,5708,5770,5713,5648,5713,5657,5637,5608,5478,5471,5386,5613,5859,5879,5642,5454,5590,5670,5554,5642,5710,5633,5876,5881,5879,5755,5663,5434,5426,5199,5402,5527,5568,5648,5330,5205,5137,5086,5050,5305,5352,5736,5913,6166,5658,5098,4639,4477,4298,4199,4297,4681,5034,5046,4721,4287,3907,3566,2966,2506,2113,1722,1356,1060,823,593,433,316,195,120,83,65,62,62,63,63,63,63,64,63,62,52,52,49,49,49,48,49,48,48,48,53,70,72,83,95,95,95,95,95,96,95,95,89,75,66,45,35,35,34,34,35,35,35,35,34,33,33,35,32,25,17,7,-2,-8,-11,-12.0,"March 13th, 2022"
0,Solar,-12,-12,-12,-12,-12,-12,-12,-12,-13,-13,-13,-13,-13,-13,-13,-13,-13,-12,-12,-12,-12,-13,-13,-13,-13.0,-13.0,-13.0,-13.0,-13.0,-13.0,-13.0,-13.0,-13.0,-13.0,-13.0,-13.0,-13,-13,-13,-13,-13,-13,-13,-13,-13,-13,-15,-14,-14,-14,-15,-15,-15,-15,-15,-15,-15,-15,-15,-15,-15,-15,-16,-15,-15,-15,-15,-16,-16,-16,-16,-16,-11,25,43,48,52,56,62,69,69,69,73,84,87,80,149,258,430,629,984,1405,1860,2338,2956,3538,4201,4841,5426,6093,6591,7178,7709,8267,8884,9321,9551,9937,10461,11184,11595,11780,11935,12022,12097,11925,11594,11617,11658,11766,11864,12077,12164,12167,12278,12010,11571,11744,11676,11524,11459,11510,11523,11749,11953,11939,11927,11931,11944,11781,11798,11853,12220,12403,12460,12292,12114,12068,12140,12191,12037,12125,12147,12070,12258,12378,12406,12469,12475,12398,12320,12497,12456,12330,12326,12426,12458,12477,12540,12520,12410,12475,12672,12738,12782,12813,12803,12801,12805,12790,12736,12546,11891,11730,11591,11788,12180,12321,12293,12294,12303,12301,11868,11019,10431,10956,11642,11949,11760,11474,11258,11297,10978,10481,10093,9452,9248,9435,9278,8732,8112,7480,6768,6219,5601,4983,4364,3583,2878,2293,1827,1391,1061,788,584,401,268,198,169,148,93,62,62,63,64,66,66,67,67,68,51,44,42,42,44,44,41,45,45,44,43,44,40,41,42,43,43,42,42,42,42,42,42,37,12,7,7,7,7,7,7,7,7,7,6,2,-7,-14,-27,-36,-37,-38,-40,-40,-40,-40.0,"March 14th, 2022"
0,Solar,-41,-41,-40,-44,-42,-41,-42,-41,-42,-42,-42,-42,-42,-43,-42,-45,-43,-43,-42,-42,-43,-42,-42,-42,-43.0,-42.0,-42.0,-42.0,-42.0,-43.0,-42.0,-42.0,-42.0,-43.0,-42.0,-42.0,-42,-43,-42,-42,-42,-42,-42,-42,-43,-43,-43,-44,-43,-43,-44,-44,-44,-43,-44,-44,-44,-44,-44,-44,-44,-44,-44,-44,-45,-44,-45,-45,-44,-44,-45,-45,-45,-44,-44,-44,-44,-44,-44,-44,-45,-43,-39,-24,2,56,152,300,501,768,1118,1537,2004,2482,2982,3548,4108,4732,5193,5610,6166,6668,7166,7739,8382,8913,9347,9637,9702,10000,10247,10343,10453,10452,10181,10015,10055,10355,10273,10200,9983,10153,10256,10516,11046,11140,10944,10105,9752,9826,10057,10059,10099,9775,9900,10043,10116,10212,10127,10028,9538,9252,9269,9220,9336,9667,9836,9934,9654,9637,10019,10239,10164,10137,10223,10266,9972,9688,9607,9502,9294,8950,8780,8761,8785,8752,8773,8938,9059,9068,8892,8899,9137,9552,9749,10010,9469,9213,9310,8798,8162,8415,8511,8739,8923,9304,9147,8805,8951,8931,9079,9254,9074,8128,7560,8146,8336,8326,8083,8108,8022,7818,7564,7501,7144,6330,5762,5683,5461,5240,4892,4289,3743,3428,3173,2898,2476,1997,1671,1415,1127,856,644,467,308,217,115,43,5,-18,-26,-28,-28,-27,-27,-25,-26,-25,-25,-25,-33,-34,-35,-35,-35,-35,-35,-35,-34,-34,-34,-35,-35,-34,-34,-34,-36,-34,-33,-34,-33,-33,-33,-36,-41,-42,-42,-42,-42,-42,-42,-42,-42,-42,-43,-43,-44,-43,-43,-44,-44,-43,-43,-44,-44,-43.0,"March 15th, 2022"
0,Solar,-43,-43,-43,-42,-42,-42,-42,-42,-42,-42,-42,-42,-42,-42,-43,-42,-42,-42,-42,-42,-43,-42,-42,-42,-42.0,-43.0,-43.0,-43.0,-43.0,-43.0,-43.0,-43.0,-43.0,-43.0,-43.0,-43.0,-43,-43,-43,-43,-43,-43,-43,-43,-43,-43,-45,-44,-44,-44,-44,-44,-45,-45,-45,-46,-45,-45,-45,-45,-45,-45,-45,-45,-45,-46,-45,-46,-46,-46,-47,-47,-47,-44,-40,-34,-29,-25,-20,-16,-16,-14,-9,2,30,100,200,329,532,783,1094,1452,1874,2305,2693,3193,3794,4498,5163,5748,6326,6909,7461,7721,8199,8735,9239,9558,9907,10222,10558,10764,10915,11018,11153,11320,11306,11186,11053,10904,11155,11667,11855,11907,11884,11894,11858,11875,11816,11564,11365,11261,11075,11010,10866,10742,10714,10609,10586,10439,10384,10284,10455,10381,10567,10712,10787,10465,10359,10248,10134,10245,10284,10259,10173,10226,10423,10727,10777,10780,10843,10745,10678,10583,10327,10009,10195,10429,10577,10715,10583,10624,10726,10667,10702,10776,10813,10761,10806,10841,10857,10963,11041,11048,11051,11160,11240,11725,12013,12223,12210,11952,11393,10495,9977,9639,9710,9841,9811,9808,9601,9606,9417,9192,9267,9095,8940,8800,8888,8564,8033,7476,6913,6322,5691,5093,4441,3765,3067,2431,1865,1515,1183,873,638,454,309,211,142,85,63,59,64,66,65,66,66,66,63,60,-8,-33,-36,-36,-34,-35,-35,-35,-34,-35,-35,-35,-43,-43,-43,-43,-43,-43,-43,-43,-43,-43,-44,-43,-43,-44,-44,-43,-44,-44,-44,-45,-44,-44,-44,-44,-44,-44,-43,-41,-41,-41,-42,-41,-41,-41.0,"March 16th, 2022"
0,,-41,-41,-41,-41,-41,-41,-41,-41,-41,-41,-41,-41,-41,-41,-41,-41,-41,-41,-41,-41,-41,-41,-41,-41,-41.0,-41.0,-41.0,-41.0,-41.0,-41.0,-41.0,-41.0,-41.0,-41.0,-41.0,-41.0,-41,-41,-41,-41,-41,-41,-41,-42,-42,-42,-42,-42,-42,-42,-42,-42,-42,-42,-43,-43,-42,-42,-42,-42,-42,-42,-42,-42,-45,-43,-43,-43,-43,-43,-43,-44,-44,-45,-44,-44,-44,-44,-44,-44,-43,-41,-33,-17,21,102,218,377,622,925,1273,1685,2122,2634,3190,3705,4225,4785,5352,5961,6483,6997,7413,7599,7817,7925,7972,7637,7715,8254,8530,8878,8862,8752,9008,9307,9730,10008,9966,9868,9960,10488,10755,10826,10928,10613,10621,10412,10150,10246,10326,9918,9736,9507,9715,9704,10519,10910,10895,10630,10309,10549,11383,11757,11730,11199,10801,10927,10979,11044,10755,10765,11122,11093,11094,10954,10909,10887,10849,10739,10740,10687,10836,10991,11122,11258,11442,11603,11826,11973,11806,11779,11794,11796,11670,11779,11833,11819,11506,11139,11066,11133,10781,10682,10869,10992,11065,11060,10777,10682,10727,10867,10317,9606,9436,9224,8934,8491,8193,8677,9265,9393,9232,8831,8163,7483,7091,6874,6602,6362,6047,5705,5145,4543,3864,3432,3097,2931,2641,2217,1817,1492,1172,874,578,401,282,192,130,91,60,64,74,74,37,28,27,28,27,27,-4,-12,-12,-11,-11,-11,25,39,39,39,38,43,41,41,42,42,42,41,41,41,41,42,41,41,45,41,40,40,40,41,41,41,41,42,41,42,41,40,40,40,40,40,40,41,41,41.0,"March 17th, 2022"
0,Solar,41,21,11,11,11,11,11,11,11,11,11,11,11,-1,-9,-8,-8,-8,-8,-8,-8,-8,-9,-8,-8.0,-9.0,-8.0,-8.0,-8.0,-9.0,-8.0,-9.0,-9.0,-9.0,-9.0,-8.0,-9,-9,-9,-9,-10,-10,-10,-10,-10,-10,-10,-10,-10,-10,-10,-10,-10,-11,-11,-11,-11,-11,-11,-11,-11,-11,-11,-11,-11,-11,-11,-11,-12,-12,-12,-12,-12,-4,4,8,15,17,23,27,30,32,45,67,138,214,335,503,754,1070,1475,1930,2452,3006,3597,4212,4851,5539,6244,6860,7419,7956,8519,9000,9421,9786,10060,10398,10761,11355,11680,11839,12002,12134,12325,12308,12268,12328,12396,12537,12412,12511,12508,12599,12553,12436,12569,12533,12446,12481,12580,12548,12468,12390,12449,12496,12574,12525,12564,12691,12544,12551,12406,12417,12366,12375,12486,12528,12657,12667,12676,12685,12740,12734,12625,12553,12484,12375,12242,12196,12219,12439,12219,12262,12334,12528,12389,12643,12538,12590,12488,12478,12663,12696,12637,12532,12441,12226,12411,12596,12532,12357,12515,12406,12282,12287,12529,12543,12479,12361,12313,12264,12040,11703,11498,11513,11379,11337,11232,11155,11024,10952,10724,10503,10357,10045,9744,9492,9119,8633,8046,7456,6825,6174,5533,4917,4228,3559,2931,2353,1841,1432,1133,838,605,464,289,207,149,117,102,88,76,65,63,64,65,69,64,62,65,64,62,60,61,62,61,62,62,65,61,62,12,-10,-11,-13,-9,-12,-10,-10,-11,-11,-11,-13,-17,-25,-24,-24,-24,-24,-24,-24,-24,-24,-24,-24,-25,-25,-23,-25,-24,-25,-25,-24,-24,-24.0,"March 18th, 2022"
0,Solar,-24,-24,-24,-24,-24,-24,-24,-24,-24,-24,-24,-24,-24,-24,-23,-24,-24,-24,-24,-24,-24,-24,-24,-24,-24.0,-24.0,-24.0,-24.0,-24.0,-24.0,-24.0,-24.0,-24.0,-24.0,-24.0,-24.0,-24,-24,-25,-25,-25,-25,-25,-25,-25,-25,-25,-25,-25,-25,-25,-25,-25,-26,-26,-26,-26,-26,-26,-25,-25,-16,-9,-7,-7,-7,-8,-7,-7,-7,-7,-4,4,13,21,26,27,27,28,28,28,25,28,36,45,71,130,286,400,518,616,868,1091,1289,1539,1856,2157,2532,2890,3102,3318,3545,3779,3793,3676,3992,4024,3924,4260,4371,4573,4917,5080,5104,5133,5710,6075,5823,6268,6416,6781,6553,6363,6230,6295,6318,6599,6592,6915,6963,6841,6793,6895,7138,7144,6790,6483,6215,6473,6658,6268,6270,6378,5591,5603,6163,6571,7312,7357,7368,7413,7464,7563,7486,7345,7120,7073,6907,7019,7369,7451,7077,6863,7354,7339,7336,7209,7353,7367,7418,7349,6964,6885,6999,7099,7552,8055,8123,7443,6826,6253,5745,5710,5724,5875,5836,5821,6245,6029,5818,5526,5540,5603,5671,5559,5134,5090,4957,5109,5258,5373,5087,4733,4478,4757,4360,4125,4007,3792,3572,3213,2953,2783,2625,2407,2293,2023,1702,1329,1087,941,737,549,414,305,240,187,140,87,51,46,46,47,45,47,46,44,44,47,42,-7,-17,-10,3,4,-19,-15,-14,-15,-14,-13,-11,3,6,2,6,6,7,-6,-42,-40,-42,-43,-41,-42,-42,-42,-42,-42,-41,-42,-41,-41,-41,-41,-40,-42,-42,-41,-42,-42,-41,-42,-42,-42,-42.0,"March 19th, 2022"
0,Solar,-42,-42,-42,-42,-42,-42,-42,-42,-42,-42,-41,-42,-42,-41,-41,-41,-41,-43,-42,-41,-41,-41,-41,-41,-40.0,-41.0,-42.0,-41.0,-41.0,-41.0,-41.0,-41.0,-41.0,-41.0,-42.0,-42.0,-42,-42,-42,-42,-42,-42,-42,-42,-43,-42,-42,-42,-43,-43,-43,-43,-44,-44,-44,-44,-44,-43,-43,-43,-43,-31,-26,-26,-26,-26,-27,-27,-27,-27,-27,-26,-25,-24,-22,-21,-22,-21,-21,-22,-22,-22,-18,-6,37,138,269,373,618,920,1320,1791,2288,2763,3184,3612,4084,4899,5639,6011,6485,6776,6959,7139,7220,7472,7964,8265,8182,8277,8456,8459,8124,7888,7801,7681,7885,7794,7882,7827,7859,8062,8326,8701,8482,8370,8118,8120,8079,8188,8440,8477,8551,8572,8354,8239,8009,8046,8014,8025,7718,7525,7502,7397,7381,7333,7333,7200,7177,7067,7116,7059,6997,6701,6622,6256,6296,6364,6344,6549,6597,6574,6610,6522,6523,6420,6453,6450,6685,6885,6650,6570,6708,6727,6680,6747,6796,6778,6899,6984,6942,6792,6746,6623,6603,6580,6606,6715,6825,7035,7113,6879,6913,6800,6782,6510,6398,6386,6392,6218,6535,6609,6397,6483,6430,6182,6083,6064,6278,6049,6303,6210,5987,5769,5318,4700,4069,3606,3096,2627,2153,1713,1326,980,775,504,272,182,175,145,131,132,124,129,127,130,130,131,129,123,117,109,99,100,100,99,98,93,95,98,97,91,36,24,23,23,23,22,23,22,27,23,22,22,11,-2,-3,-2,-2,-2,-3,-2,-2,-3,-3,-5,-28,-33,-33,-39,-42,-42,-42,-42,-41,-41.0,"March 20th, 2022"
0,Solar,-42,-41,-41,-41,-41,-41,-41,-41,-41,-41,-41,-41,-42,-42,-41,-41,-41,-42,-42,-42,-41,-41,-41,-41,-41.0,-41.0,-42.0,-42.0,-42.0,-42.0,-42.0,-43.0,-43.0,-42.0,-42.0,-42.0,-42,-43,-44,-44,-44,-44,-43,-43,-44,-44,-43,-43,-43,-43,-43,-43,-43,-44,-43,-43,-43,-44,-43,-44,-43,-35,-34,-34,-34,-34,-34,-34,-34,-34,-34,-34,-34,-18,-10,-5,0,1,1,1,3,12,29,67,140,273,440,704,1018,1355,1815,2316,2826,3277,3876,4563,5238,5839,6389,6953,7652,8153,8789,9396,9874,10251,10391,10636,10830,10770,10903,11016,11327,11652,11838,11839,11792,11708,11676,11769,11836,11787,11644,11589,11781,11961,11989,11900,11924,11889,11896,11908,11943,11959,11948,11951,11984,11856,11738,11828,11824,11858,11940,11860,11868,12124,12349,12271,12135,12123,12100,12156,12058,11951,12022,11993,11924,11901,12047,11759,11833,12052,12340,12443,12497,12545,12538,12364,12490,12595,12656,12680,12417,12297,12244,12309,12227,12264,12281,12211,11825,12401,12533,12223,11643,11528,11636,11777,11596,11404,11591,11634,11629,10815,10461,10197,10223,10130,9960,10307,10223,10182,10279,9942,9560,8914,8609,8748,9000,8633,8127,7705,7313,6747,6134,5491,4923,4186,3554,3006,2449,1970,1593,1209,905,672,486,369,287,186,147,142,139,148,147,148,120,94,92,81,61,51,49,47,50,46,51,45,47,49,52,44,36,35,32,33,33,33,32,34,32,31,32,31,-12,-36,-36,-36,-36,-36,-37,-36,-36,-36,-36,-36,-36,-37,-37,-37,-37,-37,-37,-37,-37,-36.0,"March 21st, 2022"
0,Solar,-36,-36,-36,-36,-36,-36,-36,-36,-36,-35,-36,-36,-36,-36,-36,-36,-36,-36,-36,-36,-36,-36,-36,-36,-35.0,-36.0,-36.0,-35.0,-35.0,-35.0,-36.0,-36.0,-36.0,-36.0,-36.0,-37.0,-37,-37,-38,-39,-38,-38,-38,-38,-38,-38,-39,-38,-38,-38,-38,-39,-38,-39,-38,-39,-39,-39,-39,-39,-38,-39,-39,-39,-39,-39,-39,-39,-39,-39,-39,-40,-39,-28,-19,-14,-10,-4,-1,-1,1,14,41,102,191,353,544,820,1173,1578,2087,2618,3210,3700,3949,4547,5357,6247,6908,7435,8032,8609,9265,9755,10177,10554,10807,11093,11153,11363,11590,12043,12234,12227,12305,12419,12406,12510,12281,12144,12110,12208,12090,12079,12085,11887,11796,11677,11563,11685,11714,11634,11695,11785,11824,11899,11850,11867,11860,11837,11957,11992,11759,11842,12011,12002,11968,11901,11735,11632,11665,11648,11588,11546,11603,11626,11702,11886,11925,11905,11878,11776,11602,11409,11436,11484,11775,11858,11921,11923,11815,11748,11775,11754,11694,11926,11993,12000,12210,12250,12362,12444,12339,12311,12452,12357,12420,12315,12541,12737,12612,12166,11890,11865,11553,11180,11283,11273,11191,11327,11256,11052,10738,10441,10085,9446,8895,8864,9018,8942,8801,8399,7824,7224,6595,5896,5210,4542,3924,3296,2687,2132,1667,1294,949,704,550,405,305,167,141,125,101,85,88,86,89,91,91,91,90,89,94,90,89,91,94,91,92,94,91,90,40,35,35,34,34,35,34,35,35,34,38,33,34,17,17,17,16,17,16,17,16,18,17,17,-9,-16,-16,-16,-16,-16,-16,-16,-16,-16.0,"March 22nd, 2022"
0,,-16,-16,-16,-16,-16,-15,-16,-16,-16,-16,-16,-16,-16,-16,-16,-15,-16,-15,-15,-15,-15,-15,-15,-15,-15.0,-16.0,-16.0,-16.0,-16.0,-16.0,-16.0,-16.0,-16.0,-16.0,-16.0,-16.0,-16,-17,-17,-18,-17,-17,-17,-17,-17,-17,-17,-17,-17,-18,-18,-18,-18,-18,-18,-18,-18,-18,-18,-18,-19,-19,-19,-19,-19,-19,-19,-19,-19,-19,-19,-19,-19,-10,-4,1,4,3,3,4,9,24,48,125,229,400,603,921,1303,1783,2330,2880,3468,4071,4602,5153,5776,6561,7389,8080,8781,9387,9899,10225,10278,10420,10562,10660,10806,10956,11223,11358,11217,11254,11261,10974,11024,11171,11167,11106,11280,11531,11601,11682,11854,11880,11850,11684,11656,11625,11697,11715,11671,11743,11880,11981,11982,11740,11654,11800,11898,11733,11765,11750,11649,11632,11730,11722,11756,11636,11787,11986,11979,12027,12080,12143,12102,12067,12063,12012,11972,11937,12029,11975,11858,11784,11903,11891,11770,11561,11341,11589,11796,11918,12010,12039,11993,12004,12024,12027,11986,11860,11471,11263,11216,11270,11303,11540,11754,12012,12042,11550,11348,11262,11268,11250,11220,11238,11183,11031,10817,10620,10455,10155,9671,9206,8853,8416,8328,8431,8292,7995,7545,6996,6400,5873,5306,4658,4018,3420,2813,2249,1796,1400,1052,780,610,506,419,345,323,312,299,241,210,212,212,181,125,125,125,91,88,90,91,87,86,81,85,81,90,82,32,14,15,12,16,17,12,9,7,8,6,-6,-33,-41,-41,-41,-41,-41,-41,-41,-41,-40,-40,-41,-41,-41,-41,-41,-42,-42,-42,-42,-42,-41.0,"March 23rd, 2022"
0,Solar,-41,-41,-41,-41,-41,-41,-41,-41,-41,-41,-41,-41,-41,-41,-41,-39,-41,-41,-41,-41,-41,-41,-41,-41,-41.0,-41.0,-41.0,-41.0,-41.0,-41.0,-41.0,-41.0,-41.0,-41.0,-41.0,-41.0,-41,-43,-43,-42,-42,-43,-43,-43,-42,-43,-42,-43,-43,-42,-42,-42,-42,-42,-43,-43,-42,-42,-43,-43,-43,-43,-43,-43,-43,-44,-44,-44,-44,-44,-44,-44,-44,-33,-28,-26,-26,-26,-18,33,66,32,112,133,289,403,646,972,1370,1838,2391,2943,3518,4129,4750,5400,6075,6757,7476,8103,8736,9338,9813,10105,10428,10773,11009,11209,11418,11569,11774,12005,12139,12238,12261,12489,12527,12495,12550,12582,12512,12430,12531,12552,12597,12604,12567,12732,12631,12631,12636,12521,12658,12853,12705,12591,12865,12896,12952,13145,13278,13173,12969,12902,13048,12990,12964,12968,13020,13122,13190,13273,13299,13276,13343,13352,13370,13378,13366,13368,13360,13349,13375,13387,13377,13381,13403,13395,13386,13392,13424,13420,13407,13384,13325,13411,13328,13308,13362,13363,13378,13426,13415,13400,13353,13299,13245,13234,13236,13195,13146,13093,13037,12940,12789,12716,12735,12657,12562,12493,12244,12090,11898,11662,11417,11137,10807,10439,10030,9547,9016,8457,7872,7267,6660,5974,5271,4640,3998,3362,2776,2200,1646,1251,874,629,446,303,231,164,131,118,113,96,69,70,73,73,74,71,50,47,47,46,45,46,50,48,47,47,47,51,33,33,34,33,34,28,34,29,35,33,30,28,-19,-33,-32,-32,-32,-33,-32,-32,-32,-32,-32,-32,-38,-40,-41,-38,-39,-42,-39,-39,-39,-39.0,"March 24th, 2022"
0,Solar,-39,-39,-39,-39,-39,-39,-39,-39,-39,-39,-39,-39,-39,-39,-39,-39,-39,-39,-39,-39,-39,-39,-39,-39,-39.0,-39.0,-39.0,-39.0,-39.0,-39.0,-39.0,-39.0,-39.0,-39.0,-39.0,-39.0,-39,-39,-40,-40,-40,-40,-40,-41,-40,-40,-41,-41,-41,-41,-41,-41,-41,-41,-41,-41,-41,-41,-41,-41,-41,-43,-43,-42,-42,-42,-42,-42,-42,-42,-42,-42,-41,-22,-11,-7,-1,3,8,12,20,41,92,191,315,515,765,1024,1433,1860,2312,2829,3308,3864,4447,5023,5522,6184,6812,7410,7819,8314,8901,9328,9747,10163,10603,10972,11208,11392,11356,11429,11595,11736,11974,12166,12265,12416,12524,12592,12565,12453,12436,12518,12650,12733,12710,12726,12693,12697,12757,12863,12826,12795,12949,13033,13038,13064,13114,13143,13043,13142,13055,13009,13037,13103,13092,13096,13040,12952,12873,12853,12924,12962,12953,12874,12655,12635,12646,12678,12716,12878,12913,12911,13074,13082,12979,13044,13059,12960,12872,12749,12759,12706,12683,12689,12514,12412,12501,12544,12581,12586,12580,12367,12203,11982,11845,11432,11055,10886,10921,11048,10871,10714,10366,10096,10014,10055,9792,9272,8957,8716,8324,8025,7679,7422,7173,6817,6352,5919,5416,4734,4380,3953,3586,3316,2976,2499,2102,1758,1490,1150,953,786,591,459,347,241,201,121,92,89,87,86,82,88,87,84,81,87,71,61,63,67,62,62,62,62,62,61,59,52,17,14,10,8,8,9,7,11,9,12,6,6,6,2,2,2,2,2,2,-2,-4,-3,-13,-27,-36,-38,-38,-39,-38,-38,-38,-38,-38,-38.0,"March 25th, 2022"
0,Solar,-38,-43,-38,-38,-38,-38,-38,-38,-39,-39,-39,-39,-39,-30,-39,-38,-38,-38,-39,-38,-38,-38,-45,-38,-38.0,-31.0,-38.0,-38.0,-38.0,-38.0,-38.0,-38.0,-38.0,-38.0,-38.0,-38.0,-38,-43,-41,-37,-41,-41,-41,-41,-41,-41,-40,-41,-41,-41,-41,-41,-41,-41,-41,-41,-41,-41,-41,-42,-42,-39,-33,-28,-24,-21,-21,-21,-22,-26,-30,-33,-35,-41,-41,-42,-42,-42,-42,-39,-32,-13,14,57,138,235,416,603,836,1204,1609,2180,2801,3346,3798,4265,4772,5314,5916,6413,6865,7164,7665,8299,8942,9333,9538,9871,10054,10171,10391,10473,10677,10705,10873,11031,10891,10798,10663,10640,10719,10791,10953,11031,11332,11658,11717,11376,11317,11556,11720,11862,12172,12223,11906,12048,12185,12504,12504,12502,12256,12208,12463,12512,12413,12346,12174,11974,11698,11417,11334,11524,11639,11406,11258,11149,11428,11751,12205,12520,12477,12661,12685,12307,11795,11748,11940,12155,12188,11947,12077,12512,12531,12318,12238,12255,12414,12744,12985,12941,12628,12386,12209,12416,12484,12606,12653,12384,12205,12102,12029,11998,11977,11684,11653,11737,11736,11787,11509,11041,10412,10211,10109,9848,9651,9546,9416,9200,8964,8613,8184,7770,7371,6831,6270,5588,4984,4402,3964,3418,2781,2285,1790,1355,1037,668,436,264,234,180,151,143,125,95,95,93,97,100,94,94,98,96,96,96,87,95,94,95,93,97,95,94,63,51,52,52,53,52,50,49,51,46,45,48,25,19,19,19,20,19,20,4,-12,-26,-26,-29,-40,-40,-40,-40,-40,-40,-40,-40,-40,-40.0,"March 26th, 2022"
0,Solar,-40,-40,-40,-40,-40,-40,-39,-39,-39,-39,-39,-39,-40,-40,-40,-40,-39,-39,-39,-39,-40,-40,-40,-40,-40.0,-40.0,-40.0,-40.0,-40.0,-40.0,-40.0,-40.0,-40.0,-40.0,-40.0,-40.0,-40,-40,-40,-40,-40,-40,-41,-41,-41,-41,-42,-42,-41,-42,-42,-42,-42,-42,-42,-43,-44,-44,-44,-44,-43,-43,-43,-43,-44,-43,-44,-44,-44,-44,-44,-44,-44,-43,-43,-43,-43,-41,-40,-35,-28,-22,4,73,137,251,460,669,982,1399,1653,1889,2321,2960,3137,3358,3896,4361,4782,5145,5617,6397,6980,7169,7256,7847,8245,8546,8989,9230,9758,10078,10271,10511,10630,10743,10764,10764,10842,10939,10854,10856,10885,11199,11322,11410,11203,10913,10532,10417,10482,10451,10725,11562,11859,12002,11822,11638,11627,11676,11341,11009,10944,11001,10994,10998,10839,11070,11268,11216,11391,11395,11283,11354,11676,11770,11625,11767,11955,11912,11466,11516,11823,11542,11652,12087,12304,12116,11768,11681,11707,11847,11582,11536,11528,11398,11423,11315,11269,11376,11356,11442,11260,11424,11335,11238,11157,11099,11084,11049,11132,11259,11158,11067,10934,10722,10824,10649,10533,10819,11172,11089,10989,10935,10747,10470,9985,9481,9310,8868,8378,7731,6961,6224,5627,4992,4279,3664,3300,2819,2304,1861,1554,1212,871,634,497,304,239,193,165,148,122,98,101,100,101,104,103,105,58,48,48,43,46,50,48,49,48,45,48,45,16,6,9,7,7,8,7,7,6,7,6,6,2,2,2,1,-22,-39,-41,-41,-41,-40,-41,-40,-41,-41,-41,-41,-42,-41,-40,-40,-40,-40.0,"March 27th, 2022"
0,Solar,-40,-40,-40,-40,-40,-40,-40,-40,-40,-40,-40,-40,-40,-40,-40,-40,-40,-40,-40,-40,-40,-40,-40,-40,-40.0,-40.0,-39.0,-39.0,-39.0,-39.0,-39.0,-39.0,-39.0,-39.0,-39.0,-39.0,-39,-39,-39,-39,-39,-39,-39,-40,-40,-40,-40,-40,-40,-41,-41,-41,-41,-41,-41,-41,-41,-41,-41,-41,-41,-41,-41,-41,-41,-41,-41,-41,-41,-41,-42,-41,-41,-40,-40,-41,-41,-41,-41,-41,-41,-40,-35,-20,23,86,166,268,379,486,611,719,757,790,964,1097,1208,1321,1449,1569,1497,1624,1900,1994,2103,2257,2197,2113,2332,2482,2581,2846,3077,3353,3608,3690,3677,4010,4192,4312,4528,4991,5483,5408,5004,5071,5278,5204,5548,5910,5994,5765,5967,6091,6028,5841,6505,6801,6774,6940,6829,6756,6596,6644,6990,7112,7162,7136,7365,7382,7200,7203,7800,7891,7879,8178,8572,8557,8549,8512,8592,8586,8509,8266,8219,8220,8275,8221,8213,8176,8374,8388,8204,8212,8021,7914,7765,7723,7692,7515,7385,7250,7353,7490,7488,7472,7311,7323,7137,7160,6890,6455,5907,5741,5767,5748,5969,5715,5343,5107,4757,4505,4290,4035,4054,3991,3327,2638,2482,2396,2253,2092,1997,1864,1712,1676,1606,1408,1233,1063,909,722,519,405,279,186,128,86,31,4,-24,-33,-37,-36,-37,-36,-36,-36,-36,-36,-36,-36,-36,-36,-36,-35,-35,-35,-35,-35,-35,-35,-37,-37,-36,-35,-35,-35,-35,-35,-35,-35,-36,-36,-14,-36,-36,-36,-36,-36,-36,-36,-36,-36,-36,-36,-37,-37,-37,-37,-37,-37,-37,-37,-37,,"March 28th, 2022"
0,Solar,-36,-38,-36,-36,-36,-36,-36,-36,-36,-36,-36,-36,-36,-36,-36,-37,-37,-37,-37,-37,-37,-37,-37,-37,-37.0,-37.0,-37.0,-37.0,-37.0,-37.0,-37.0,-37.0,-37.0,-37.0,-37.0,-37.0,-37,-38,-39,-38,-38,-38,-38,-38,-38,-38,-38,-38,-38,-39,-39,-40,-40,-40,-40,-40,-40,-41,-38,-39,-39,-39,-39,-39,-30,-31,-36,-40,-37,-40,-40,-41,-40,-13,2,1,2,0,0,4,11,29,73,175,309,495,783,1095,1358,1626,1923,2272,2703,3136,3581,4018,4535,5026,5501,5954,6450,7047,7658,8177,8302,8630,8841,9078,9465,9665,9872,10122,10373,10567,10683,10748,11030,11099,11076,10937,10900,11310,11389,11430,11474,11330,11079,11158,11225,11218,11040,11122,11401,11657,11491,11180,10974,10990,10747,10375,10538,10762,10745,10657,10757,10983,10898,10969,10937,10859,11015,11391,11200,10683,9981,9761,9750,9889,10476,10590,10551,10277,9986,10075,10274,10489,10555,10379,10384,10511,10702,10771,10853,10944,10860,10917,10809,10092,10024,9882,9655,9747,10055,10369,9905,9867,9949,9903,9984,9941,9923,9855,9704,9236,9173,8995,8791,8600,8758,9053,9251,8963,8533,8036,7637,7731,7640,7835,8214,8031,7566,7232,6931,6626,6128,5527,4810,4060,3529,3085,2602,2092,1642,1231,918,634,442,293,230,124,81,56,37,18,0,-1,0,0,1,0,1,1,2,2,2,2,0,3,2,1,-7,-13,-3,2,3,4,3,2,3,2,2,2,1,-1,6,2,1,1,1,1,1,1,1,1,1,1,-26,-39,-42,-42,-42,-42,-42,-42,-42,,"March 29th, 2022"
0,Solar,-42,-42,-42,-42,-42,-42,-42,-42,-42,-42,-42,-42,-42,-42,-42,-42,-42,-42,-42,-42,-42,-42,-43,-43,-43.0,-43.0,-43.0,-43.0,-43.0,-43.0,-43.0,-43.0,-43.0,-43.0,-43.0,-43.0,-44,-44,-45,-45,-45,-45,-45,-45,-45,-45,-45,-45,-45,-45,-45,-45,-45,-45,-45,-45,-45,-45,-45,-46,-45,-45,-45,-46,-45,-46,-45,-45,-45,-46,-45,-45,-45,-43,-42,-43,-43,-42,-38,-29,-7,47,145,295,483,746,1048,1428,1873,2327,2828,3334,3846,4437,5061,5659,6220,6792,7293,7835,8198,8588,9052,9359,9620,9721,9611,9815,10471,10978,11243,11445,11606,11625,11707,11692,11672,11939,12059,11968,11577,11216,11218,11233,11347,11468,11439,11364,11469,11356,11441,11519,11488,11541,11590,11751,11787,11704,11844,11705,11707,11636,11604,11755,11761,11982,12093,12196,12085,12266,12371,12131,12088,12022,11937,11985,12193,12677,12618,12660,12891,12947,12760,12725,12533,12388,12497,12358,12210,12133,12063,11792,11374,10911,10544,10325,10261,10083,10193,10182,10100,10096,10198,9772,9894,9849,9721,9908,9939,9530,9495,9497,9382,9055,8679,8615,8670,8317,7855,8188,8807,8916,8852,8419,8062,8296,7728,7399,7082,6979,6222,5817,6155,5800,5306,4461,3735,3367,3194,2977,2504,1873,1564,1388,1103,807,544,333,211,106,30,2,-6,-5,3,1,0,0,1,-1,0,4,1,1,0,1,0,0,0,0,0,0,1,-2,1,2,2,2,2,2,2,2,1,2,2,2,2,2,2,2,2,2,2,2,2,2,2,2,2,2,2,-17,-37,-43,-43,,"March 30th, 2022"
0,Solar,-43,-43,-43,-43,-43,-43,-43,-43,-43,-43,-43,-43,-43,-43,-43,-42,-42,-42,-42,-42,-42,-42,-42,-42,-42.0,-42.0,-42.0,-42.0,-42.0,-42.0,-42.0,-42.0,-43.0,-43.0,-43.0,-43.0,-44,-44,-43,-43,-43,-44,-44,-44,-44,-44,-44,-44,-44,-45,-45,-45,-45,-45,-45,-45,-45,-45,-45,-45,-45,-45,-45,-45,-45,-45,-45,-45,-45,-45,-45,-45,-45,-32,-21,-17,-11,-5,0,8,25,73,145,270,431,640,922,1289,1726,2140,2635,3194,3664,4094,4386,4959,5437,6166,6987,7536,7721,8024,8517,8653,8390,8900,9190,8997,9258,9596,9750,9962,10434,10678,10782,11165,11418,11598,11798,11915,11781,11871,12084,12071,12215,12017,11725,12261,12401,12131,12207,12160,12215,12402,12574,12760,12801,12890,12884,12849,12870,12879,12750,12422,12748,12830,12817,12876,12864,12750,12501,12504,12539,12390,12547,12646,12700,12562,12273,12421,12622,12718,12767,12716,12686,12651,12733,12759,12827,12875,12627,12609,12648,12568,12658,12557,12627,12431,12699,12787,12726,12713,12830,12699,12450,12501,12480,12428,12544,12402,12515,12442,12440,12425,12210,12264,12020,11831,11965,11760,10943,10661,10721,10539,10115,9777,9481,9168,8734,8397,8072,7592,6933,6282,5722,5332,4847,4293,3830,3370,2872,2404,1949,1462,1201,895,633,380,252,167,125,74,61,62,62,61,61,61,65,62,70,70,71,69,66,69,71,67,68,69,68,64,41,37,37,37,36,35,36,36,36,36,35,34,14,12,12,12,1,-23,-36,-33,-33,-34,-33,-33,-33,-33,-33,-33,-34,-33,-33,-33,-33,-33.0,"March 31st, 2022"
